operation,calls,self_cpu_ms,cpu_total_ms,self_cuda_ms,cuda_total_ms
aten::empty,2344,18.886410000001863,18.886410000001863,0.0,0.0
aten::to,3210,8.83457199999734,166.64936899999756,0.0,2.269969000001827
aten::lift_fresh,800,0.4098150000022697,0.4098150000022697,0.0,0.0
aten::detach_,776,1.3867110000016691,2.4765230000023535,0.0,0.0
detach_,776,1.0898120000006843,1.0898120000006843,0.0,0.0
aten::_to_copy,2364,28.22997299999847,157.81479700000023,0.0,2.269969000001827
aten::empty_strided,2752,46.046584999999254,46.046584999999254,0.0,0.0
aten::copy_,2391,35.838357000003754,91.67003200000075,2.2911220000019568,2.2911220000019568
Activity Buffer Request,3,7.106955000000449,9.130049999999956,0.0,0.06721500000008382
cudaStreamIsCapturing,72,0.16921699999953124,0.16921699999953124,0.012791999999917607,0.012791999999917607
cudaMemcpyAsync,129,2.639916000000432,2.639916000000432,0.0,0.0
cudaStreamSynchronize,114,24.42655499999868,24.42655499999868,0.0,0.0
Memcpy HtoD (Pageable -> Device),56,0.0,0.0,0.02007100000024184,0.02007100000024184
aten::clone,3,0.04946599999984392,0.27286900000002423,0.0,0.005778999999973166
aten::embedding,15,0.27655399999987096,1.8789069999996972,0.0,0.15355099999969388
aten::reshape,1944,4.859682999995765,11.70550799999902,0.0,0.0
aten::view,5310,23.340745000001625,23.340745000001625,0.0,0.0
aten::index_select,15,0.6115640000000876,1.4860420000000796,0.1460409999999174,0.15355099999969388
aten::resize_,67,0.7772610000000768,0.7772610000000768,0.0,0.0
cudaLaunchKernel,13212,306.337539999998,306.337539999998,0.0,0.0
aten::arange,30,0.5803489999997273,2.239290000000756,0.019306000000015047,0.038612000000030094
aten::add,2263,76.75781899999762,131.58181599999713,2.563836000001578,2.563836000001578
aten::unsqueeze,816,5.134107000003779,6.68248300000362,0.0,0.0
aten::as_strided,8150,19.99967200001354,19.99967200001354,0.0,0.0
aten::expand,48,0.3540470000000114,0.4477129999996687,0.0,0.0
aten::matmul,1518,25.55082199999893,230.86417699999922,0.0,95.44074400000376
aten::bmm,15,1.2958599999995586,6.16033099999948,0.0,0.025167999999928723
_native::bmm_triton_0,15,4.213767000000229,4.864470999999921,0.025167999999928723,0.025167999999928723
cuLaunchKernelEx,15,0.31481399999981474,0.31481399999981474,0.0,0.0
aten::_unsafe_view,1518,5.543238000001156,5.543238000001156,0.0,0.0
aten::transpose,5622,25.16920699999119,38.46657800000002,0.0,0.0
aten::cat,1521,56.71376799999194,99.36633199999572,2.523684000000285,2.523684000000285
aten::cos,15,0.5290750000000971,0.8696149999998397,0.0474419999998172,0.0474419999998172
aten::mul,3408,119.28915600001602,195.3197630000097,5.321857999996195,5.321857999996195
Memcpy DtoD (Device -> Device),15,0.0,0.0,0.018484999999978755,0.018484999999978755
"void at::native::(anonymous namespace)::indexSelectSmallIndex<c10::BFloat16, long, unsigned int, 2, 2, -2>(at::cuda::detail::TensorInfo<c10::BFloat16, unsigned int>, at::cuda::detail::TensorInfo<c10::BFloat16 const, unsigned int>, at::cuda::detail::TensorInfo<long const, unsigned int>, int, int, unsigned int, long)",12,0.0,0.0,0.1460409999999174,0.1460409999999174
"void (anonymous namespace)::elementwise_kernel_with_index<int, at::native::arange_cuda_out(c10::Scalar const&, c10::Scalar const&, c10::Scalar const&, at::Tensor&)::{lambda()#1}::operator()() const::{lambda()#4}::operator()() const::{lambda(long)#1}>(int, at::native::arange_cuda_out(c10::Scalar const&, c10::Scalar const&, c10::Scalar const&, at::Tensor&)::{lambda()#1}::operator()() const::{lambda()#4}::operator()() const::{lambda(long)#1}, function_traits<at::native::arange_cuda_out(c10::Scalar const&, c10::Scalar const&, c10::Scalar const&, at::Tensor&)::{lambda()#1}::operator()() const::{lambda()#4}::operator()() const::{lambda(long)#1}>::result_type*)",15,0.0,0.0,0.019306000000015047,0.019306000000015047
"void at::native::vectorized_elementwise_kernel<2, at::native::CUDAFunctorOnSelf_add<long>, std::array<char*, 2ul>, false>(int, at::native::CUDAFunctorOnSelf_add<long>, std::array<char*, 2ul>)",15,0.0,0.0,0.027195999999894412,0.027195999999894412
"void at::native::unrolled_elementwise_kernel<at::native::direct_copy_kernel_cuda(at::TensorIteratorBase&)::{lambda()#3}::operator()() const::{lambda()#7}::operator()() const::{lambda(float)#1}, std::array<char*, 2ul>, 4, TrivialOffsetCalculator<1, unsigned int>, TrivialOffsetCalculator<1, unsigned int>, at::native::memory::LoadWithCast<1>, at::native::memory::StoreWithCast<1> >(int, at::native::direct_copy_kernel_cuda(at::TensorIteratorBase&)::{lambda()#3}::operator()() const::{lambda()#7}::operator()() const::{lambda(float)#1}, std::array<char*, 2ul>, TrivialOffsetCalculator<1, unsigned int>, TrivialOffsetCalculator<1, unsigned int>, at::native::memory::LoadWithCast<1>, at::native::memory::StoreWithCast<1>)",774,0.0,0.0,1.3881160000007404,1.3881160000007404
_bmm_outer_product_kernel,15,0.0,0.0,0.025167999999928723,0.025167999999928723
"void at::native::(anonymous namespace)::CatArrayBatchedCopy<at::native::(anonymous namespace)::OpaqueType<4u>, unsigned int, 3, 64, 64>(at::native::(anonymous namespace)::OpaqueType<4u>*, at::native::(anonymous namespace)::CatArrInputTensorMetadata<at::native::(anonymous namespace)::OpaqueType<4u>, unsigned int, 64, 64>, at::native::(anonymous namespace)::TensorSizeStride<unsigned int, 4u>, int, unsigned int)",15,0.0,0.0,0.03165499999972235,0.03165499999972235
"void at::native::vectorized_elementwise_kernel<4, at::native::cos_kernel_cuda(at::TensorIteratorBase&)::{lambda()#2}::operator()() const::{lambda()#2}::operator()() const::{lambda(float)#1}, std::array<char*, 2ul>, false>(int, at::native::cos_kernel_cuda(at::TensorIteratorBase&)::{lambda()#2}::operator()() const::{lambda()#2}::operator()() const::{lambda(float)#1}, std::array<char*, 2ul>)",15,0.0,0.0,0.0474419999998172,0.0474419999998172
"void at::native::vectorized_elementwise_kernel<4, at::native::AUnaryFunctor<float, float, float, at::native::binary_internal::MulFunctor<float> >, std::array<char*, 2ul>, false>(int, at::native::AUnaryFunctor<float, float, float, at::native::binary_internal::MulFunctor<float> >, std::array<char*, 2ul>)",30,0.0,0.0,0.0507830000007325,0.0507830000007325
aten::sin,15,0.5137880000004734,0.8293450000005268,0.043037999999873136,0.043037999999873136
aten::pow,759,32.80224400000122,50.88291699999922,0.6468430000014177,0.6468430000014177
aten::result_type,759,0.6528469999979497,0.6528469999979497,0.0,0.0
aten::mean,759,32.87445999999663,51.174222999999756,1.6033820000019823,1.6033820000019823
aten::rsqrt,759,23.33443799999555,40.658126999999034,0.7419429999999975,0.7419429999999975
"void at::native::vectorized_elementwise_kernel<4, at::native::sin_kernel_cuda(at::TensorIteratorBase&)::{lambda()#2}::operator()() const::{lambda()#2}::operator()() const::{lambda(float)#1}, std::array<char*, 2ul>, false>(int, at::native::sin_kernel_cuda(at::TensorIteratorBase&)::{lambda()#2}::operator()() const::{lambda()#2}::operator()() const::{lambda(float)#1}, std::array<char*, 2ul>)",15,0.0,0.0,0.043037999999873136,0.043037999999873136
"void at::native::vectorized_elementwise_kernel<4, at::native::bfloat16_copy_kernel_cuda(at::TensorIteratorBase&)::{lambda(float)#1}, std::array<char*, 2ul>, false>(int, at::native::bfloat16_copy_kernel_cuda(at::TensorIteratorBase&)::{lambda(float)#1}, std::array<char*, 2ul>)",801,0.0,0.0,0.8633640000011019,0.8633640000011019
"void at::native::vectorized_elementwise_kernel<4, at::native::(anonymous namespace)::pow_tensor_scalar_kernel_impl<float, float>(at::TensorIteratorBase&, float)::{lambda(float)#1}, std::array<char*, 2ul>, false>(int, at::native::(anonymous namespace)::pow_tensor_scalar_kernel_impl<float, float>(at::TensorIteratorBase&, float)::{lambda(float)#1}, std::array<char*, 2ul>)",759,0.0,0.0,0.6468430000014177,0.6468430000014177
"void at::native::reduce_kernel<512, 1, at::native::ReduceOp<float, at::native::MeanOps<float, float, float, float>, unsigned int, float, 4, 4> >(at::native::ReduceOp<float, at::native::MeanOps<float, float, float, float>, unsigned int, float, 4, 4>)",759,0.0,0.0,1.6033820000019823,1.6033820000019823
"void at::native::vectorized_elementwise_kernel<4, at::native::CUDAFunctorOnSelf_add<float>, std::array<char*, 2ul>, false>(int, at::native::CUDAFunctorOnSelf_add<float>, std::array<char*, 2ul>)",759,0.0,0.0,0.7358450000012199,0.7358450000012199
"void at::native::vectorized_elementwise_kernel<4, at::native::rsqrt_kernel_cuda(at::TensorIteratorBase&)::{lambda()#2}::operator()() const::{lambda()#2}::operator()() const::{lambda(float)#1}, std::array<char*, 2ul>, false>(int, at::native::rsqrt_kernel_cuda(at::TensorIteratorBase&)::{lambda()#2}::operator()() const::{lambda()#2}::operator()() const::{lambda(float)#1}, std::array<char*, 2ul>)",759,0.0,0.0,0.7419429999999975,0.7419429999999975
"void at::native::elementwise_kernel<128, 2, at::native::gpu_kernel_impl_nocast<at::native::BinaryFunctor<float, float, float, at::native::binary_internal::MulFunctor<float> > >(at::TensorIteratorBase&, at::native::BinaryFunctor<float, float, float, at::native::binary_internal::MulFunctor<float> > const&)::{lambda(int)#1}>(int, at::native::gpu_kernel_impl_nocast<at::native::BinaryFunctor<float, float, float, at::native::binary_internal::MulFunctor<float> > >(at::TensorIteratorBase&, at::native::BinaryFunctor<float, float, float, at::native::binary_internal::MulFunctor<float> > const&)::{lambda(int)#1})",759,0.0,0.0,0.8363289999999597,0.8363289999999597
aten::linear,2619,31.131950999996494,396.3367500000011,0.0,106.35973100000265
aten::t,2631,14.567581000002033,31.159440000003677,0.0,0.0
aten::addmm,1116,72.4833830000009,99.25790800000212,10.94415499999882,10.94415499999882
cudaDeviceGetAttribute,2907,2.4967880000027765,2.4967880000027765,0.0,0.0
cudaMemsetAsync,1100,2.7875370000003605,2.7875370000003605,0.0,0.0
cuLaunchKernel,2619,59.38862899999612,59.38862899999612,0.0,0.0
aten::slice,1488,13.651140000000424,18.34368500000478,0.0,0.0
aten::neg,744,25.1306020000031,41.132637000002184,1.082095000001369,1.082095000001369
"void at::native::elementwise_kernel<128, 4, at::native::gpu_kernel_impl_nocast<at::native::BinaryFunctor<c10::BFloat16, c10::BFloat16, c10::BFloat16, at::native::binary_internal::MulFunctor<float> > >(at::TensorIteratorBase&, at::native::BinaryFunctor<c10::BFloat16, c10::BFloat16, c10::BFloat16, at::native::binary_internal::MulFunctor<float> > const&)::{lambda(int)#1}>(int, at::native::gpu_kernel_impl_nocast<at::native::BinaryFunctor<c10::BFloat16, c10::BFloat16, c10::BFloat16, at::native::binary_internal::MulFunctor<float> > >(at::TensorIteratorBase&, at::native::BinaryFunctor<c10::BFloat16, c10::BFloat16, c10::BFloat16, at::native::binary_internal::MulFunctor<float> > const&)::{lambda(int)#1})",2247,0.0,0.0,4.021882999996374,4.021882999996374
void cutlass::Kernel2<cutlass_80_wmma_tensorop_bf16_s161616gemm_bf16_16x16_128x2_tn_align8>(cutlass_80_wmma_tensorop_bf16_s161616gemm_bf16_16x16_128x2_tn_align8::Params),1000,0.0,0.0,26.511966999999544,26.511966999999544
void cutlass::Kernel2<cutlass_80_wmma_tensorop_bf16_s161616gemm_bf16_16x16_128x1_tn_align8>(cutlass_80_wmma_tensorop_bf16_s161616gemm_bf16_16x16_128x1_tn_align8::Params),1084,0.0,0.0,54.278917000002956,54.278917000002956
"void at::native::elementwise_kernel<128, 4, at::native::gpu_kernel_impl_nocast<at::native::neg_kernel_cuda(at::TensorIteratorBase&)::{lambda()#2}::operator()() const::{lambda()#9}::operator()() const::{lambda(c10::BFloat16)#1}>(at::TensorIteratorBase&, at::native::neg_kernel_cuda(at::TensorIteratorBase&)::{lambda()#2}::operator()() const::{lambda()#9}::operator()() const::{lambda(c10::BFloat16)#1} const&)::{lambda(int)#1}>(int, at::native::gpu_kernel_impl_nocast<at::native::neg_kernel_cuda(at::TensorIteratorBase&)::{lambda()#2}::operator()() const::{lambda()#9}::operator()() const::{lambda(c10::BFloat16)#1}>(at::TensorIteratorBase&, at::native::neg_kernel_cuda(at::TensorIteratorBase&)::{lambda()#2}::operator()() const::{lambda()#9}::operator()() const::{lambda(c10::BFloat16)#1} const&)::{lambda(int)#1})",744,0.0,0.0,1.082095000001369,1.082095000001369
"void at::native::(anonymous namespace)::CatArrayBatchedCopy<at::native::(anonymous namespace)::OpaqueType<2u>, unsigned int, 4, 64, 64>(at::native::(anonymous namespace)::OpaqueType<2u>*, at::native::(anonymous namespace)::CatArrInputTensorMetadata<at::native::(anonymous namespace)::OpaqueType<2u>, unsigned int, 64, 64>, at::native::(anonymous namespace)::TensorSizeStride<unsigned int, 4u>, int, unsigned int)",1488,0.0,0.0,2.4531560000008032,2.4531560000008032
"void at::native::elementwise_kernel<128, 4, at::native::gpu_kernel_impl_nocast<at::native::CUDAFunctor_add<c10::BFloat16> >(at::TensorIteratorBase&, at::native::CUDAFunctor_add<c10::BFloat16> const&)::{lambda(int)#1}>(int, at::native::gpu_kernel_impl_nocast<at::native::CUDAFunctor_add<c10::BFloat16> >(at::TensorIteratorBase&, at::native::CUDAFunctor_add<c10::BFloat16> const&)::{lambda(int)#1})",744,0.0,0.0,1.074559000001027,1.074559000001027
aten::scaled_dot_product_attention,372,9.897754999999645,73.91953599999982,0.0,3.215774000000729
aten::_scaled_dot_product_flash_attention,372,7.990478000000905,64.02178100000017,0.0,3.215774000000729
aten::_flash_attention_forward,372,16.384581000000995,48.488590000000194,3.215774000000729,3.215774000000729
aten::empty_like,385,1.5283880000000936,7.50192899999881,0.0,0.0
cudaFuncSetAttribute,372,2.046119000000588,2.046119000000588,0.0,0.0
aten::mm,1503,140.6360180000052,184.6977850000006,95.41557600000382,95.41557600000382
"void pytorch_flash::flash_fwd_kernel<Flash_fwd_kernel_traits<64, 128, 128, 4, false, false, cutlass::bfloat16_t, Flash_kernel_traits<64, 128, 128, 4, cutlass::bfloat16_t> >, false, true, false, false, false, true, false, false>(pytorch_flash::Flash_fwd_params)",288,0.0,0.0,2.548571000000924,2.548571000000924
"void at::native::vectorized_elementwise_kernel<4, at::native::CUDAFunctor_add<c10::BFloat16>, std::array<char*, 3ul>, false>(int, at::native::CUDAFunctor_add<c10::BFloat16>, std::array<char*, 3ul>)",745,0.0,0.0,0.7267049999994779,0.7267049999994779
aten::silu,372,12.738083999999864,20.599196000001914,0.43467699999962495,0.43467699999962495
"void at::native::vectorized_elementwise_kernel<4, at::native::(anonymous namespace)::silu_kernel(at::TensorIteratorBase&)::{lambda()#1}::operator()() const::{lambda()#6}::operator()() const::{lambda(c10::BFloat16)#1}, std::array<char*, 2ul>, false>(int, at::native::(anonymous namespace)::silu_kernel(at::TensorIteratorBase&)::{lambda()#1}::operator()() const::{lambda()#6}::operator()() const::{lambda(c10::BFloat16)#1}, std::array<char*, 2ul>)",372,0.0,0.0,0.43467699999962495,0.43467699999962495
cudaLaunchKernelExC,456,7.309231999997879,7.384761999997907,0.0,0.0
"void at::native::vectorized_elementwise_kernel<4, at::native::BinaryFunctor<c10::BFloat16, c10::BFloat16, c10::BFloat16, at::native::binary_internal::MulFunctor<float> >, std::array<char*, 3ul>, false>(int, at::native::BinaryFunctor<c10::BFloat16, c10::BFloat16, c10::BFloat16, at::native::binary_internal::MulFunctor<float> >, std::array<char*, 3ul>)",372,0.0,0.0,0.41286299999912807,0.41286299999912807
"void cublasLt::splitKreduce_kernel<32, 16, int, __nv_bfloat16, __nv_bfloat16, float, __nv_bfloat16, false, __nv_bfloat16, __nv_bfloat16, __nv_bfloat16, true, false, false, false>(cublasLt::cublasSplitKParams<float>, __nv_bfloat16 const*, __nv_bfloat16 const*, __nv_bfloat16*, __nv_bfloat16*, float const*, float const*, __nv_bfloat16 const*, __nv_bfloat16 const*, __nv_bfloat16*, void*, long, float*, int*, float*, float*, float const*, float const*, float const*, float const*, float const*)",240,0.0,0.0,0.25722700000050097,0.25722700000050097
aten::alias,15,0.11179799999968963,0.11179799999968963,0.0,0.0
aten::select,94,0.7606989999991783,0.9696289999994769,0.0,0.0
aten::div,46,1.4174010000007837,2.3789950000004754,0.09903999999976076,0.09903999999976076
aten::topk,12,1.99066300000099,5.095265999999698,0.32526399999849676,0.32526399999849676
cudaPeekAtLastError,288,0.05220299999928102,0.05220299999928102,0.0,0.0
cudaFuncGetAttributes,12,0.10059100000016043,0.10059100000016043,0.0,0.0
cudaOccupancyMaxActiveBlocksPerMultiprocessorWithFlags,60,0.21820399999940127,0.21820399999940127,0.0,0.0
aten::lt,25,0.8667459999998391,1.3695949999999284,0.05603300000008312,0.05603300000008312
"void at::native::vectorized_elementwise_kernel<4, at::native::BUnaryFunctor<c10::BFloat16, c10::BFloat16, c10::BFloat16, at::native::binary_internal::MulFunctor<float> >, std::array<char*, 2ul>, false>(int, at::native::BUnaryFunctor<c10::BFloat16, c10::BFloat16, c10::BFloat16, at::native::binary_internal::MulFunctor<float> >, std::array<char*, 2ul>)",32,0.0,0.0,0.07096499999992374,0.07096499999992374
"void at::native::mbtopk::fill<unsigned int, unsigned int>(unsigned int*, unsigned int, unsigned int)",12,0.0,0.0,0.010736000000295462,0.010736000000295462
Memset (Device),200,0.0,0.0,0.07125400000014634,0.07125400000014634
"void at::native::mbtopk::computeBlockDigitCounts<c10::BFloat16, unsigned int, unsigned int, 1>(at::cuda::detail::TensorInfo<c10::BFloat16 const, unsigned int>, unsigned int, unsigned int*, unsigned int, unsigned int, int, int, unsigned int, unsigned int, unsigned int*, short*)",24,0.0,0.0,0.039576999999320836,0.039576999999320836
"at::native::mbtopk::computeDigitCumSum(short*, unsigned int*, unsigned int)",24,0.0,0.0,0.06395399999980873,0.06395399999980873
"void at::native::mbtopk::computeBlockwiseWithinKCounts<unsigned int, c10::BFloat16>(unsigned int*, short*, unsigned int*, unsigned int*, unsigned int, int, bool, unsigned int*, c10::BFloat16*, unsigned int*, unsigned int*, unsigned int)",24,0.0,0.0,0.03740400000003865,0.03740400000003865
"void at::native::mbtopk::computeBlockwiseKthCounts<unsigned int>(unsigned int*, short*, unsigned int, unsigned int, unsigned int*)",12,0.0,0.0,0.012085999999908382,0.012085999999908382
"void at_cuda_detail::cub::detail::scan_by_key::DeviceScanByKeyInitKernel<at_cuda_detail::cub::ReduceByKeyScanTileState<unsigned int, int, true>, thrust::THRUST_300001_SM_750_800_860_900_1000_1200_NS::transform_iterator<at::native::mbtopk::BlockIdxToKey, thrust::THRUST_300001_SM_750_800_860_900_1000_1200_NS::counting_iterator<unsigned int, thrust::THRUST_300001_SM_750_800_860_900_1000_1200_NS::use_default, thrust::THRUST_300001_SM_750_800_860_900_1000_1200_NS::use_default, thrust::THRUST_300001_SM_750_800_860_900_1000_1200_NS::use_default>, thrust::THRUST_300001_SM_750_800_860_900_1000_1200_NS::use_default, thrust::THRUST_300001_SM_750_800_860_900_1000_1200_NS::use_default>, unsigned long long>(at_cuda_detail::cub::ReduceByKeyScanTileState<unsigned int, int, true>, thrust::THRUST_300001_SM_750_800_860_900_1000_1200_NS::transform_iterator<at::native::mbtopk::BlockIdxToKey, thrust::THRUST_300001_SM_750_800_860_900_1000_1200_NS::counting_iterator<unsigned int, thrust::THRUST_300001_SM_750_800_860_900_1000_1200_NS::use_default, thrust::THRUST_300001_SM_750_800_860_900_1000_1200_NS::use_default, thrust::THRUST_300001_SM_750_800_860_900_1000_1200_NS::use_default>, thrust::THRUST_300001_SM_750_800_860_900_1000_1200_NS::use_default, thrust::THRUST_300001_SM_750_800_860_900_1000_1200_NS::use_default>, cuda::std::__4::iterator_traits<thrust::THRUST_300001_SM_750_800_860_900_1000_1200_NS::transform_iterator<at::native::mbtopk::BlockIdxToKey, thrust::THRUST_300001_SM_750_800_860_900_1000_1200_NS::counting_iterator<unsigned int, thrust::THRUST_300001_SM_750_800_860_900_1000_1200_NS::use_default, thrust::THRUST_300001_SM_750_800_860_900_1000_1200_NS::use_default, thrust::THRUST_300001_SM_750_800_860_900_1000_1200_NS::use_default>, thrust::THRUST_300001_SM_750_800_860_900_1000_1200_NS::use_default, thrust::THRUST_300001_SM_750_800_860_900_1000_1200_NS::use_default> >::value_type*, unsigned long long, int)",24,0.0,0.0,0.015111999999819091,0.015111999999819091
"void at_cuda_detail::cub::detail::scan_by_key::DeviceScanByKeyKernel<at_cuda_detail::cub::detail::scan_by_key::policy_hub<thrust::THRUST_300001_SM_750_800_860_900_1000_1200_NS::transform_iterator<at::native::mbtopk::BlockIdxToKey, thrust::THRUST_300001_SM_750_800_860_900_1000_1200_NS::counting_iterator<unsigned int, thrust::THRUST_300001_SM_750_800_860_900_1000_1200_NS::use_default, thrust::THRUST_300001_SM_750_800_860_900_1000_1200_NS::use_default, thrust::THRUST_300001_SM_750_800_860_900_1000_1200_NS::use_default>, thrust::THRUST_300001_SM_750_800_860_900_1000_1200_NS::use_default, thrust::THRUST_300001_SM_750_800_860_900_1000_1200_NS::use_default>, unsigned int, unsigned int, cuda::std::__4::plus<void> >::Policy1000, thrust::THRUST_300001_SM_750_800_860_900_1000_1200_NS::transform_iterator<at::native::mbtopk::BlockIdxToKey, thrust::THRUST_300001_SM_750_800_860_900_1000_1200_NS::counting_iterator<unsigned int, thrust::THRUST_300001_SM_750_800_860_900_1000_1200_NS::use_default, thrust::THRUST_300001_SM_750_800_860_900_1000_1200_NS::use_default, thrust::THRUST_300001_SM_750_800_860_900_1000_1200_NS::use_default>, thrust::THRUST_300001_SM_750_800_860_900_1000_1200_NS::use_default, thrust::THRUST_300001_SM_750_800_860_900_1000_1200_NS::use_default>, unsigned int*, unsigned int*, at_cuda_detail::cub::ReduceByKeyScanTileState<unsigned int, int, true>, cuda::std::__4::equal_to<void>, cuda::std::__4::plus<void>, at_cuda_detail::cub::NullType, unsigned long long, unsigned int, unsigned int>(thrust::THRUST_300001_SM_750_800_860_900_1000_1200_NS::transform_iterator<at::native::mbtopk::BlockIdxToKey, thrust::THRUST_300001_SM_750_800_860_900_1000_1200_NS::counting_iterator<unsigned int, thrust::THRUST_300001_SM_750_800_860_900_1000_1200_NS::use_default, thrust::THRUST_300001_SM_750_800_860_900_1000_1200_NS::use_default, thrust::THRUST_300001_SM_750_800_860_900_1000_1200_NS::use_default>, thrust::THRUST_300001_SM_750_800_860_900_1000_1200_NS::use_default, thrust::THRUST_300001_SM_750_800_860_900_1000_1200_NS::use_default>, unsigned int*, unsigned int*, unsigned int*, at_cuda_detail::cub::ReduceByKeyScanTileState<unsigned int, int, true>, int, cuda::std::__4::equal_to<void>, cuda::std::__4::plus<void>, at_cuda_detail::cub::NullType, unsigned long long)",24,0.0,0.0,0.05621199999953387,0.05621199999953387
"void at::native::mbtopk::gatherTopK<c10::BFloat16, unsigned int, 1>(at::cuda::detail::TensorInfo<c10::BFloat16 const, unsigned int>, unsigned int, unsigned int, bool, unsigned int, unsigned int, at::cuda::detail::TensorInfo<c10::BFloat16, unsigned int>, unsigned int, at::cuda::detail::TensorInfo<long, unsigned int>, unsigned int, unsigned int, unsigned int, c10::BFloat16*, unsigned int*, unsigned int*, unsigned int)",12,0.0,0.0,0.03508700000002864,0.03508700000002864
"void at::native::warpMergeSortKVInPlace<-2, -1, 128, 16, c10::BFloat16, long, at::native::GTOp<c10::BFloat16, true>, unsigned int, 32>(at::cuda::detail::TensorInfo<c10::BFloat16, unsigned int>, unsigned int, unsigned int, unsigned int, at::cuda::detail::TensorInfo<long, unsigned int>, unsigned int, at::native::GTOp<c10::BFloat16, true>, c10::BFloat16)",12,0.0,0.0,0.04594100000022445,0.04594100000022445
"void at::native::elementwise_kernel<128, 4, at::native::gpu_kernel_impl_nocast<at::native::(anonymous namespace)::CompareFunctor<c10::BFloat16> >(at::TensorIteratorBase&, at::native::(anonymous namespace)::CompareFunctor<c10::BFloat16> const&)::{lambda(int)#1}>(int, at::native::gpu_kernel_impl_nocast<at::native::(anonymous namespace)::CompareFunctor<c10::BFloat16> >(at::TensorIteratorBase&, at::native::(anonymous namespace)::CompareFunctor<c10::BFloat16> const&)::{lambda(int)#1})",12,0.0,0.0,0.04544200000009732,0.04544200000009732
aten::where,12,0.5766410000000033,1.9453759999998146,0.018717000000047848,0.028162000000171248
aten::sort,12,1.1559610000008689,3.1063879999995696,0.22610000000057334,0.23880600000057894
aten::softmax,44,0.4994689999999391,2.975323000000062,0.0,1.3541419999995852
aten::_softmax,44,1.3063310000001365,2.475854000000123,1.3541419999995852,1.3541419999995852
aten::cumsum,12,0.702459000001385,1.1730330000001121,0.05254300000029616,0.05254300000029616
"void at::native::elementwise_kernel<128, 4, at::native::gpu_kernel_impl_nocast<at::native::(anonymous namespace)::where_kernel_impl(at::TensorIterator&)::{lambda()#1}::operator()() const::{lambda()#2}::operator()() const::{lambda(bool, unsigned short, unsigned short)#1}>(at::TensorIteratorBase&, at::native::(anonymous namespace)::where_kernel_impl(at::TensorIterator&)::{lambda()#1}::operator()() const::{lambda()#2}::operator()() const::{lambda(bool, unsigned short, unsigned short)#1} const&)::{lambda(int)#1}>(int, at::native::gpu_kernel_impl_nocast<at::native::(anonymous namespace)::where_kernel_impl(at::TensorIterator&)::{lambda()#1}::operator()() const::{lambda()#2}::operator()() const::{lambda(bool, unsigned short, unsigned short)#1}>(at::TensorIteratorBase&, at::native::(anonymous namespace)::where_kernel_impl(at::TensorIterator&)::{lambda()#1}::operator()() const::{lambda()#2}::operator()() const::{lambda(bool, unsigned short, unsigned short)#1} const&)::{lambda(int)#1})",12,0.0,0.0,0.018717000000047848,0.018717000000047848
"at::native::(anonymous namespace)::fill_reverse_indices_kernel(long*, int, at::cuda::detail::IntDivider<unsigned int>)",12,0.0,0.0,0.034885999999998606,0.034885999999998606
"void at_cuda_detail::cub::detail::radix_sort::DeviceRadixSortHistogramKernel<at_cuda_detail::cub::detail::radix::policy_hub<__nv_bfloat16, at::cuda::cub::detail::OpaqueType<8>, unsigned long long>::Policy1000, (at_cuda_detail::cub::SortOrder)1, __nv_bfloat16, unsigned long long, at_cuda_detail::cub::detail::identity_decomposer_t>(unsigned long long*, __nv_bfloat16 const*, unsigned long long, int, int, at_cuda_detail::cub::detail::identity_decomposer_t)",12,0.0,0.0,0.023997000000133994,0.023997000000133994
"void at_cuda_detail::cub::detail::radix_sort::DeviceRadixSortExclusiveSumKernel<at_cuda_detail::cub::detail::radix::policy_hub<__nv_bfloat16, at::cuda::cub::detail::OpaqueType<8>, unsigned long long>::Policy1000, unsigned long long>(unsigned long long*)",12,0.0,0.0,0.009974999999889406,0.009974999999889406
"void at_cuda_detail::cub::detail::radix_sort::DeviceRadixSortOnesweepKernel<at_cuda_detail::cub::detail::radix::policy_hub<__nv_bfloat16, at::cuda::cub::detail::OpaqueType<8>, unsigned long long>::Policy1000, (at_cuda_detail::cub::SortOrder)1, __nv_bfloat16, at::cuda::cub::detail::OpaqueType<8>, unsigned long long, int, int, at_cuda_detail::cub::detail::identity_decomposer_t>(int*, int*, unsigned long long*, unsigned long long const*, __nv_bfloat16*, __nv_bfloat16 const*, at::cuda::cub::detail::OpaqueType<8>*, at::cuda::cub::detail::OpaqueType<8> const*, int, int, int, at_cuda_detail::cub::detail::identity_decomposer_t)",24,0.0,0.0,0.131134999999922,0.131134999999922
"void at::native::(anonymous namespace)::cunn_SoftMaxForward<8, c10::BFloat16, float, c10::BFloat16, at::native::(anonymous namespace)::SoftMaxForwardEpilogue>(c10::BFloat16*, c10::BFloat16 const*, int)",44,0.0,0.0,1.3541419999995852,1.3541419999995852
aten::gt,12,0.51455300000032,0.7600450000001001,0.01047499999991851,0.01047499999991851
"void at_cuda_detail::cub::detail::scan::DeviceScanInitKernel<at_cuda_detail::cub::ScanTileState<c10::BFloat16, false> >(at_cuda_detail::cub::ScanTileState<c10::BFloat16, false>, int)",12,0.0,0.0,0.007275999999983469,0.007275999999983469
"void at_cuda_detail::cub::detail::scan::DeviceScanKernel<at_cuda_detail::cub::detail::scan::policy_hub<c10::BFloat16, c10::BFloat16, c10::BFloat16, unsigned int, std::plus<c10::BFloat16> >::Policy1000, c10::BFloat16 const*, c10::BFloat16*, at_cuda_detail::cub::ScanTileState<c10::BFloat16, false>, std::plus<c10::BFloat16>, at_cuda_detail::cub::NullType, unsigned int, c10::BFloat16, false, at_cuda_detail::cub::NullType>(c10::BFloat16 const*, c10::BFloat16*, at_cuda_detail::cub::ScanTileState<c10::BFloat16, false>, int, std::plus<c10::BFloat16>, at_cuda_detail::cub::NullType, unsigned int)",12,0.0,0.0,0.04526700000031269,0.04526700000031269
"void at::native::vectorized_elementwise_kernel<4, at::native::compare_scalar_kernel<c10::BFloat16>(at::TensorIteratorBase&, at::native::(anonymous namespace)::OpType, c10::BFloat16)::{lambda(c10::BFloat16)#1}, std::array<char*, 2ul>, false>(int, at::native::compare_scalar_kernel<c10::BFloat16>(at::TensorIteratorBase&, at::native::(anonymous namespace)::OpType, c10::BFloat16)::{lambda(c10::BFloat16)#1}, std::array<char*, 2ul>)",38,0.0,0.0,0.03224399999954039,0.03224399999954039
aten::index,12,0.7247489999997779,5.318438000000431,0.06448499999998603,0.15153799999965123
aten::nonzero,12,1.3264760000004316,4.196496000000625,0.08705299999966519,0.08705299999966519
"void at_cuda_detail::cub::detail::reduce::DeviceReduceKernel<at_cuda_detail::cub::detail::reduce::policy_hub<int, unsigned long long, cuda::std::__4::plus<void> >::Policy1000, thrust::THRUST_300001_SM_750_800_860_900_1000_1200_NS::transform_iterator<at::native::(anonymous namespace)::NonZeroOp<bool>, bool const*, thrust::THRUST_300001_SM_750_800_860_900_1000_1200_NS::use_default, thrust::THRUST_300001_SM_750_800_860_900_1000_1200_NS::use_default>, unsigned long long, cuda::std::__4::plus<void>, int, cuda::std::__4::__identity>(thrust::THRUST_300001_SM_750_800_860_900_1000_1200_NS::transform_iterator<at::native::(anonymous namespace)::NonZeroOp<bool>, bool const*, thrust::THRUST_300001_SM_750_800_860_900_1000_1200_NS::use_default, thrust::THRUST_300001_SM_750_800_860_900_1000_1200_NS::use_default>, int*, unsigned long long, at_cuda_detail::cub::GridEvenShare<unsigned long long>, cuda::std::__4::plus<void>, cuda::std::__4::__identity)",12,0.0,0.0,0.012322999999727472,0.012322999999727472
"void at_cuda_detail::cub::detail::reduce::DeviceReduceSingleTileKernel<at_cuda_detail::cub::detail::reduce::policy_hub<int, unsigned long long, cuda::std::__4::plus<void> >::Policy1000, int*, int*, int, cuda::std::__4::plus<void>, int, int, cuda::std::__4::__identity>(int*, int*, int, cuda::std::__4::plus<void>, int, cuda::std::__4::__identity)",12,0.0,0.0,0.011797999999515014,0.011797999999515014
Memcpy DtoH (Device -> Pinned),57,0.0,0.0,0.034449999999909775,0.034449999999909775
aten::set_,12,0.09330600000024424,0.09330600000024424,0.0,0.0
aten::index_put_,12,0.1085980000000709,2.8105400000002554,0.0,0.06105100000070524
aten::_index_put_impl_,12,0.6082850000006002,2.7019420000001846,0.05826500000033411,0.06105100000070524
"void at_cuda_detail::cub::detail::scan::DeviceCompactInitKernel<at_cuda_detail::cub::ScanTileState<int, true>, int*>(at_cuda_detail::cub::ScanTileState<int, true>, int, int*)",12,0.0,0.0,0.007307000000102562,0.007307000000102562
"void at_cuda_detail::cub::detail::select::DeviceSelectSweepKernel<at_cuda_detail::cub::detail::select::policy_hub<long, bool, int, false, (at_cuda_detail::cub::SelectImpl)0>::Policy1000, thrust::THRUST_300001_SM_750_800_860_900_1000_1200_NS::counting_iterator<long, thrust::THRUST_300001_SM_750_800_860_900_1000_1200_NS::use_default, thrust::THRUST_300001_SM_750_800_860_900_1000_1200_NS::use_default, thrust::THRUST_300001_SM_750_800_860_900_1000_1200_NS::use_default>, thrust::THRUST_300001_SM_750_800_860_900_1000_1200_NS::transform_iterator<at::native::(anonymous namespace)::NonZeroOp<bool>, bool const*, thrust::THRUST_300001_SM_750_800_860_900_1000_1200_NS::use_default, thrust::THRUST_300001_SM_750_800_860_900_1000_1200_NS::use_default>, long*, int*, at_cuda_detail::cub::ScanTileState<int, true>, at_cuda_detail::cub::NullType, at_cuda_detail::cub::NullType, int, at_cuda_detail::cub::detail::select::streaming_context_t<long, true>, (at_cuda_detail::cub::SelectImpl)0>(thrust::THRUST_300001_SM_750_800_860_900_1000_1200_NS::counting_iterator<long, thrust::THRUST_300001_SM_750_800_860_900_1000_1200_NS::use_default, thrust::THRUST_300001_SM_750_800_860_900_1000_1200_NS::use_default, thrust::THRUST_300001_SM_750_800_860_900_1000_1200_NS::use_default>, thrust::THRUST_300001_SM_750_800_860_900_1000_1200_NS::transform_iterator<at::native::(anonymous namespace)::NonZeroOp<bool>, bool const*, thrust::THRUST_300001_SM_750_800_860_900_1000_1200_NS::use_default, thrust::THRUST_300001_SM_750_800_860_900_1000_1200_NS::use_default>, long*, int*, at_cuda_detail::cub::ScanTileState<int, true>, at_cuda_detail::cub::NullType, at_cuda_detail::cub::NullType, int, int, at_cuda_detail::cub::detail::select::streaming_context_t<long, true>, at_cuda_detail::cub::detail::vsmem_t)",12,0.0,0.0,0.046880000000426664,0.046880000000426664
"void at::native::index_elementwise_kernel<128, 4, at::native::gpu_index_kernel<at::native::index_kernel_impl<at::native::OpaqueType<8> >(at::TensorIteratorBase&, c10::ArrayRef<long>, c10::ArrayRef<long>)::{lambda(char*, char const*, long)#1}>(at::TensorIteratorBase&, c10::ArrayRef<long>, c10::ArrayRef<long>, at::native::index_kernel_impl<at::native::OpaqueType<8> >(at::TensorIteratorBase&, c10::ArrayRef<long>, c10::ArrayRef<long>)::{lambda(char*, char const*, long)#1} const&, bool)::{lambda(int)#1}>(long, at::native::gpu_index_kernel<at::native::index_kernel_impl<at::native::OpaqueType<8> >(at::TensorIteratorBase&, c10::ArrayRef<long>, c10::ArrayRef<long>)::{lambda(char*, char const*, long)#1}>(at::TensorIteratorBase&, c10::ArrayRef<long>, c10::ArrayRef<long>, at::native::index_kernel_impl<at::native::OpaqueType<8> >(at::TensorIteratorBase&, c10::ArrayRef<long>, c10::ArrayRef<long>)::{lambda(char*, char const*, long)#1} const&, bool)::{lambda(int)#1})",12,0.0,0.0,0.06448499999998603,0.06448499999998603
aten::isnan,12,0.09496099999967555,0.757386000000115,0.0,0.010501999999803956
aten::ne,12,0.41149500000035916,0.6624250000004395,0.010501999999803956,0.010501999999803956
aten::any,12,0.7391210000003048,1.1528460000000487,0.03978199999997742,0.03978199999997742
aten::is_nonzero,12,0.0406199999996461,2.5857019999996993,0.0,0.006660999999992782
aten::item,55,0.38130800000129966,14.146241000001085,0.0,0.025705000000016298
aten::_local_scalar_dense,55,1.07060100000049,13.764932999999786,0.025705000000016298,0.025705000000016298
"void at::native::index_elementwise_kernel<128, 4, at::native::gpu_index_kernel<at::native::index_put_kernel_impl<at::native::OpaqueType<2> >(at::TensorIterator&, c10::ArrayRef<long>, c10::ArrayRef<long>)::{lambda(char*, char const*, long)#1}>(at::TensorIteratorBase&, c10::ArrayRef<long>, c10::ArrayRef<long>, at::native::index_put_kernel_impl<at::native::OpaqueType<2> >(at::TensorIterator&, c10::ArrayRef<long>, c10::ArrayRef<long>)::{lambda(char*, char const*, long)#1} const&, bool)::{lambda(int)#1}>(long, at::native::gpu_index_kernel<at::native::index_put_kernel_impl<at::native::OpaqueType<2> >(at::TensorIterator&, c10::ArrayRef<long>, c10::ArrayRef<long>)::{lambda(char*, char const*, long)#1}>(at::TensorIteratorBase&, c10::ArrayRef<long>, c10::ArrayRef<long>, at::native::index_put_kernel_impl<at::native::OpaqueType<2> >(at::TensorIterator&, c10::ArrayRef<long>, c10::ArrayRef<long>)::{lambda(char*, char const*, long)#1} const&, bool)::{lambda(int)#1})",12,0.0,0.0,0.05826500000033411,0.05826500000033411
"void at::native::vectorized_elementwise_kernel<4, at::native::BinaryFunctor<c10::BFloat16, c10::BFloat16, bool, at::native::(anonymous namespace)::CompareEqFunctor<c10::BFloat16> >, std::array<char*, 3ul>, false>(int, at::native::BinaryFunctor<c10::BFloat16, c10::BFloat16, bool, at::native::(anonymous namespace)::CompareEqFunctor<c10::BFloat16> >, std::array<char*, 3ul>)",12,0.0,0.0,0.010501999999803956,0.010501999999803956
"void at::native::reduce_kernel<512, 1, at::native::ReduceOp<bool, at::native::func_wrapper_t<bool, at::native::or_kernel_cuda(at::TensorIterator&)::{lambda()#1}::operator()() const::{lambda()#12}::operator()() const::{lambda(bool, bool)#1}>, unsigned int, bool, 4, 4> >(at::native::ReduceOp<bool, at::native::func_wrapper_t<bool, at::native::or_kernel_cuda(at::TensorIterator&)::{lambda()#1}::operator()() const::{lambda()#12}::operator()() const::{lambda(bool, bool)#1}>, unsigned int, bool, 4, 4>)",12,0.0,0.0,0.03667099999988568,0.03667099999988568
aten::multinomial,13,1.8676739999992715,11.154245999999985,0.0,0.2998819999997504
aten::aminmax,13,0.8743849999993399,1.307275000000489,0.05265700000018114,0.05265700000018114
aten::ge,13,0.45228299999955923,0.6977469999999739,0.011177999999636085,0.011177999999636085
aten::bitwise_and,13,0.36729100000011383,0.6426129999999248,0.011997999999468448,0.011997999999468448
aten::_assert_async,26,0.3310100000000966,1.0472040000002598,0.037173000000097094,0.037173000000097094
aten::sum,14,0.8440960000003979,1.2744870000000519,0.04749799999961397,0.04749799999961397
aten::eq,13,0.4367769999999437,0.6867809999998427,0.010357000000076368,0.010357000000076368
aten::bitwise_not,13,0.32544699999989823,0.5773130000001402,0.011412000000214903,0.011412000000214903
"void at::native::reduce_kernel<512, 1, at::native::ReduceOp<c10::BFloat16, at::native::MinMaxOps<c10::BFloat16, c10::BFloat16, int>, unsigned int, c10::BFloat16, 4, 4> >(at::native::ReduceOp<c10::BFloat16, at::native::MinMaxOps<c10::BFloat16, c10::BFloat16, int>, unsigned int, c10::BFloat16, 4, 4>)",13,0.0,0.0,0.04958100000023842,0.04958100000023842
aten::exponential_,13,0.3362889999990875,0.6625129999998608,0.029102000000450063,0.029102000000450063
"void at::native::vectorized_elementwise_kernel<4, at::native::BinaryFunctor<bool, bool, bool, at::native::BitwiseAndFunctor<bool> >, std::array<char*, 3ul>, false>(int, at::native::BinaryFunctor<bool, bool, bool, at::native::BitwiseAndFunctor<bool> >, std::array<char*, 3ul>)",13,0.0,0.0,0.011997999999468448,0.011997999999468448
"void at::native::_assert_async_cuda_kernel<bool>(bool const*, at::native::Msg)",26,0.0,0.0,0.037173000000097094,0.037173000000097094
"void at::native::reduce_kernel<512, 1, at::native::ReduceOp<c10::BFloat16, at::native::func_wrapper_t<c10::BFloat16, at::native::sum_functor<c10::BFloat16, float, c10::BFloat16>::operator()(at::TensorIterator&)::{lambda(float, float)#1}>, unsigned int, c10::BFloat16, 4, 8> >(at::native::ReduceOp<c10::BFloat16, at::native::func_wrapper_t<c10::BFloat16, at::native::sum_functor<c10::BFloat16, float, c10::BFloat16>::operator()(at::TensorIterator&)::{lambda(float, float)#1}>, unsigned int, c10::BFloat16, 4, 8>)",14,0.0,0.0,0.04397799999994459,0.04397799999994459
cudaStreamGetCaptureInfo,26,0.04028200000026845,0.04028200000026845,0.0,0.0
"void at::native::vectorized_elementwise_kernel<4, at::native::AUnaryFunctor<c10::BFloat16, c10::BFloat16, bool, at::native::(anonymous namespace)::CompareEqFunctor<c10::BFloat16> >, std::array<char*, 2ul>, false>(int, at::native::AUnaryFunctor<c10::BFloat16, c10::BFloat16, bool, at::native::(anonymous namespace)::CompareEqFunctor<c10::BFloat16> >, std::array<char*, 2ul>)",13,0.0,0.0,0.010357000000076368,0.010357000000076368
"void at::native::vectorized_elementwise_kernel<4, at::native::bitwise_not_kernel_cuda(at::TensorIteratorBase&)::{lambda(bool)#1}, std::array<char*, 2ul>, false>(int, at::native::bitwise_not_kernel_cuda(at::TensorIteratorBase&)::{lambda(bool)#1}, std::array<char*, 2ul>)",13,0.0,0.0,0.011412000000214903,0.011412000000214903
aten::argmax,13,0.5045509999995993,0.8613090000000375,0.060257000000041444,0.060257000000041444
"void at::native::(anonymous namespace)::distribution_elementwise_grid_stride_kernel<float, 4, at::native::templates::cuda::uniform_and_transform<c10::BFloat16, float, at::CUDAGeneratorImpl*, at::native::templates::cuda::exponential_kernel<at::CUDAGeneratorImpl*>(at::TensorIteratorBase&, double, at::CUDAGeneratorImpl*)::{lambda()#1}::operator()() const::{lambda()#4}::operator()() const::{lambda(float)#1}>(at::TensorIteratorBase&, at::CUDAGeneratorImpl*, at::native::templates::cuda::exponential_kernel<at::CUDAGeneratorImpl*>(at::TensorIteratorBase&, double, at::CUDAGeneratorImpl*)::{lambda()#1}::operator()() const::{lambda()#4}::operator()() const::{lambda(float)#1})::{lambda(curandStatePhilox4_32_10*)#2}, at::native::(anonymous namespace)::distribution_nullary_kernel<c10::BFloat16, float, float4, at::CUDAGeneratorImpl*, at::native::templates::cuda::uniform_and_transform<c10::BFloat16, float, at::CUDAGeneratorImpl*, at::native::templates::cuda::exponential_kernel<at::CUDAGeneratorImpl*>(at::TensorIteratorBase&, double, at::CUDAGeneratorImpl*)::{lambda()#1}::operator()() const::{lambda()#4}::operator()() const::{lambda(float)#1}>(at::TensorIteratorBase&, at::CUDAGeneratorImpl*, at::native::templates::cuda::exponential_kernel<at::CUDAGeneratorImpl*>(at::TensorIteratorBase&, double, at::CUDAGeneratorImpl*)::{lambda()#1}::operator()() const::{lambda()#4}::operator()() const::{lambda(float)#1})::{lambda(curandStatePhilox4_32_10*)#2}, at::native::templates::cuda::exponential_kernel<at::CUDAGeneratorImpl*>(at::TensorIteratorBase&, double, at::CUDAGeneratorImpl*)::{lambda()#1}::operator()() const::{lambda()#4}::operator()() const::{lambda(float)#1}>(at::TensorIteratorBase&, at::CUDAGeneratorImpl*, at::native::templates::cuda::uniform_and_transform<c10::BFloat16, float, at::CUDAGeneratorImpl*, at::native::templates::cuda::exponential_kernel<at::CUDAGeneratorImpl*>(at::TensorIteratorBase&, double, at::CUDAGeneratorImpl*)::{lambda()#1}::operator()() const::{lambda()#4}::operator()() const::{lambda(float)#1}>(at::TensorIteratorBase&, at::CUDAGeneratorImpl*, at::native::templates::cuda::exponential_kernel<at::CUDAGeneratorImpl*>(at::TensorIteratorBase&, double, at::CUDAGeneratorImpl*)::{lambda()#1}::operator()() const::{lambda()#4}::operator()() const::{lambda(float)#1})::{lambda(curandStatePhilox4_32_10*)#2} const&, at::native::templates::cuda::exponential_kernel<at::CUDAGeneratorImpl*>(at::TensorIteratorBase&, double, at::CUDAGeneratorImpl*)::{lambda()#1}::operator()() const::{lambda()#4}::operator()() const::{lambda(float)#1})::{lambda(int, float)#1}>(long, at::PhiloxCudaState, at::native::templates::cuda::uniform_and_transform<c10::BFloat16, float, at::CUDAGeneratorImpl*, at::native::templates::cuda::exponential_kernel<at::CUDAGeneratorImpl*>(at::TensorIteratorBase&, double, at::CUDAGeneratorImpl*)::{lambda()#1}::operator()() const::{lambda()#4}::operator()() const::{lambda(float)#1}>(at::TensorIteratorBase&, at::CUDAGeneratorImpl*, at::native::templates::cuda::exponential_kernel<at::CUDAGeneratorImpl*>(at::TensorIteratorBase&, double, at::CUDAGeneratorImpl*)::{lambda()#1}::operator()() const::{lambda()#4}::operator()() const::{lambda(float)#1})::{lambda(curandStatePhilox4_32_10*)#2}, at::native::(anonymous namespace)::distribution_nullary_kernel<c10::BFloat16, float, float4, at::CUDAGeneratorImpl*, at::native::templates::cuda::uniform_and_transform<c10::BFloat16, float, at::CUDAGeneratorImpl*, at::native::templates::cuda::exponential_kernel<at::CUDAGeneratorImpl*>(at::TensorIteratorBase&, double, at::CUDAGeneratorImpl*)::{lambda()#1}::operator()() const::{lambda()#4}::operator()() const::{lambda(float)#1}>(at::TensorIteratorBase&, at::CUDAGeneratorImpl*, at::native::templates::cuda::exponential_kernel<at::CUDAGeneratorImpl*>(at::TensorIteratorBase&, double, at::CUDAGeneratorImpl*)::{lambda()#1}::operator()() const::{lambda()#4}::operator()() const::{lambda(float)#1})::{lambda(curandStatePhilox4_32_10*)#2}, at::native::templates::cuda::exponential_kernel<at::CUDAGeneratorImpl*>(at::TensorIteratorBase&, double, at::CUDAGeneratorImpl*)::{lambda()#1}::operator()() const::{lambda()#4}::operator()() const::{lambda(float)#1}>(at::TensorIteratorBase&, at::CUDAGeneratorImpl*, at::native::templates::cuda::uniform_and_transform<c10::BFloat16, float, at::CUDAGeneratorImpl*, at::native::templates::cuda::exponential_kernel<at::CUDAGeneratorImpl*>(at::TensorIteratorBase&, double, at::CUDAGeneratorImpl*)::{lambda()#1}::operator()() const::{lambda()#4}::operator()() const::{lambda(float)#1}>(at::TensorIteratorBase&, at::CUDAGeneratorImpl*, at::native::templates::cuda::exponential_kernel<at::CUDAGeneratorImpl*>(at::TensorIteratorBase&, double, at::CUDAGeneratorImpl*)::{lambda()#1}::operator()() const::{lambda()#4}::operator()() const::{lambda(float)#1})::{lambda(curandStatePhilox4_32_10*)#2} const&, at::native::templates::cuda::exponential_kernel<at::CUDAGeneratorImpl*>(at::TensorIteratorBase&, double, at::CUDAGeneratorImpl*)::{lambda()#1}::operator()() const::{lambda()#4}::operator()() const::{lambda(float)#1})::{lambda(int, float)#1})",13,0.0,0.0,0.029102000000450063,0.029102000000450063
"void at::native::vectorized_elementwise_kernel<4, at::native::BinaryFunctor<c10::BFloat16, c10::BFloat16, c10::BFloat16, at::native::binary_internal::DivFunctor<c10::BFloat16> >, std::array<char*, 3ul>, false>(int, at::native::BinaryFunctor<c10::BFloat16, c10::BFloat16, c10::BFloat16, at::native::binary_internal::DivFunctor<c10::BFloat16> >, std::array<char*, 3ul>)",13,0.0,0.0,0.024113999999943188,0.024113999999943188
"void at::native::reduce_kernel<512, 1, at::native::ReduceOp<c10::BFloat16, at::native::ArgMaxOps<float>, unsigned int, long, 4, 4> >(at::native::ReduceOp<c10::BFloat16, at::native::ArgMaxOps<float>, unsigned int, long, 4, 4>)",13,0.0,0.0,0.05720799999954761,0.05720799999954761
"void at::native::(anonymous namespace)::CatArrayBatchedCopy_alignedK_contig<at::native::(anonymous namespace)::OpaqueType<8u>, unsigned int, 2, 128, 1, 16>(at::native::(anonymous namespace)::OpaqueType<8u>*, at::native::(anonymous namespace)::CatArrInputTensorMetadata<at::native::(anonymous namespace)::OpaqueType<8u>, unsigned int, 128, 1>, at::native::(anonymous namespace)::TensorSizeStride<unsigned int, 4u>, int, unsigned int)",18,0.0,0.0,0.03887299999975949,0.03887299999975949
"void cublasLt::splitKreduce_kernel<32, 16, int, __nv_bfloat16, __nv_bfloat16, float, __nv_bfloat16, false, __nv_bfloat16, __nv_bfloat16, __nv_bfloat16, true, true, false, false>(cublasLt::cublasSplitKParams<float>, __nv_bfloat16 const*, __nv_bfloat16 const*, __nv_bfloat16*, __nv_bfloat16*, float const*, float const*, __nv_bfloat16 const*, __nv_bfloat16 const*, __nv_bfloat16*, void*, long, float*, int*, float*, float*, float const*, float const*, float const*, float const*, float const*)",168,0.0,0.0,0.20378299999888985,0.20378299999888985
"void pytorch_flash::flash_fwd_kernel<Flash_fwd_kernel_traits<128, 128, 64, 4, false, false, cutlass::bfloat16_t, Flash_kernel_traits<128, 128, 64, 4, cutlass::bfloat16_t> >, false, true, false, false, false, true, false, false>(pytorch_flash::Flash_fwd_params)",84,0.0,0.0,0.6672029999998049,0.6672029999998049
aten::rand,10,0.09537100000015926,0.21244900000002234,0.0,0.0
aten::uniform_,10,0.07426000000000932,0.07426000000000932,0.0,0.0
aten::sub,1,0.036011999999987894,0.056817000000039114,0.002258999999961816,0.002258999999961816
aten::clamp,1,0.04142899999988731,0.0648739999999525,0.0022299999999813736,0.0022299999999813736
"void at::native::vectorized_elementwise_kernel<4, at::native::(anonymous namespace)::launch_clamp_scalar(at::TensorIteratorBase&, c10::Scalar, c10::Scalar, at::native::detail::ClampLimits)::{lambda()#1}::operator()() const::{lambda()#9}::operator()() const::{lambda(c10::BFloat16)#1}, std::array<char*, 2ul>, false>(int, at::native::(anonymous namespace)::launch_clamp_scalar(at::TensorIteratorBase&, c10::Scalar, c10::Scalar, at::native::detail::ClampLimits)::{lambda()#1}::operator()() const::{lambda()#9}::operator()() const::{lambda(c10::BFloat16)#1}, std::array<char*, 2ul>)",1,0.0,0.0,0.0022299999999813736,0.0022299999999813736
"void at::native::vectorized_elementwise_kernel<4, at::native::CUDAFunctorOnSelf_add<c10::BFloat16>, std::array<char*, 2ul>, false>(int, at::native::CUDAFunctorOnSelf_add<c10::BFloat16>, std::array<char*, 2ul>)",1,0.0,0.0,0.0017899999999208376,0.0017899999999208376
"void at::native::elementwise_kernel<128, 4, at::native::gpu_kernel_impl_nocast<at::native::BinaryFunctor<c10::BFloat16, c10::BFloat16, c10::BFloat16, at::native::binary_internal::DivFunctor<c10::BFloat16> > >(at::TensorIteratorBase&, at::native::BinaryFunctor<c10::BFloat16, c10::BFloat16, c10::BFloat16, at::native::binary_internal::DivFunctor<c10::BFloat16> > const&)::{lambda(int)#1}>(int, at::native::gpu_kernel_impl_nocast<at::native::BinaryFunctor<c10::BFloat16, c10::BFloat16, c10::BFloat16, at::native::binary_internal::DivFunctor<c10::BFloat16> > >(at::TensorIteratorBase&, at::native::BinaryFunctor<c10::BFloat16, c10::BFloat16, c10::BFloat16, at::native::binary_internal::DivFunctor<c10::BFloat16> > const&)::{lambda(int)#1})",1,0.0,0.0,0.003960999999893829,0.003960999999893829
Buffer Flush,1,0.2486589999999851,0.2486589999999851,0.0,0.0
aten::gather,3,0.11329900000058114,0.21156200000015088,0.007509999999776483,0.007509999999776483
"void at::native::vectorized_gather_kernel<16, long>(char*, char*, long*, int, long, long, long, long, bool)",3,0.0,0.0,0.007509999999776483,0.007509999999776483
Lazy Function Loading,3,0.33819800000009126,0.33819800000009126,0.0,0.0
void cutlass::Kernel2<cutlass_80_tensorop_bf16_s16816gemm_relu_bf16_128x64_64x3_tn_align8>(cutlass_80_tensorop_bf16_s16816gemm_relu_bf16_128x64_64x3_tn_align8::Params),48,0.0,0.0,0.8316969999996945,0.8316969999996945
void cutlass::Kernel2<cutlass_80_wmma_tensorop_bf16_s161616gemm_bf16_32x32_128x2_tn_align8>(cutlass_80_wmma_tensorop_bf16_s161616gemm_bf16_32x32_128x2_tn_align8::Params),200,0.0,0.0,2.4637600000007076,2.4637600000007076
void cutlass::Kernel2<cutlass_80_wmma_tensorop_bf16_s161616gemm_bf16_32x32_64x2_tn_align8>(cutlass_80_wmma_tensorop_bf16_s161616gemm_bf16_32x32_64x2_tn_align8::Params),152,0.0,0.0,11.46274000000162,11.46274000000162
void cutlass::Kernel2<cutlass_80_tensorop_s16816gemm_bf16_64x64_64x6_tn_align8>(cutlass_80_tensorop_s16816gemm_bf16_64x64_64x6_tn_align8::Params),48,0.0,0.0,2.015651999999769,2.015651999999769
"void cublasLt::splitKreduce_kernel<32, 16, int, float, __nv_bfloat16, float, __nv_bfloat16, false, __nv_bfloat16, __nv_bfloat16, __nv_bfloat16, true, false, false, false>(cublasLt::cublasSplitKParams<float>, float const*, __nv_bfloat16 const*, __nv_bfloat16*, __nv_bfloat16*, float const*, float const*, __nv_bfloat16 const*, float const*, __nv_bfloat16*, void*, long, float*, int*, float*, float*, float const*, float const*, float const*, float const*, float const*)",48,0.0,0.0,0.0553269999998156,0.0553269999998156
void cutlass::Kernel2<cutlass_80_tensorop_bf16_s16816gemm_relu_bf16_64x64_32x6_tn_align8>(cutlass_80_tensorop_bf16_s16816gemm_relu_bf16_64x64_32x6_tn_align8::Params),31,0.0,0.0,7.979351000000024,7.979351000000024
void cutlass::Kernel2<cutlass_80_wmma_tensorop_bf16_s161616gemm_bf16_16x16_64x1_tn_align8>(cutlass_80_wmma_tensorop_bf16_s161616gemm_bf16_16x16_64x1_tn_align8::Params),56,0.0,0.0,0.27607399999932386,0.27607399999932386
aten::resolve_conj,1,0.001371999999973923,0.001371999999973923,0.0,0.0
aten::resolve_neg,1,0.0002800000000279397,0.0002800000000279397,0.0,0.0
Memcpy DtoH (Device -> Pageable),1,0.0,0.0,0.0010859999998938292,0.0010859999998938292
cudaDeviceSynchronize,1,0.5971139999998267,0.5971139999998267,0.0,0.0
